pays;pays.fr;tax;tax.fr;in_gdp
FRA;France;2000;2000 Cotisations de sécurité sociale (CSS);18.1425944
FRA;France;2000;2000 Cotisations de sécurité sociale (CSS);18.2123864
FRA;France;2000;2000 Cotisations de sécurité sociale (CSS);18.2904606
FRA;France;2000;2000 Cotisations de sécurité sociale (CSS);19.4561162
FRA;France;2000;2000 Cotisations de sécurité sociale (CSS);18.8336482
FRA;France;2000;2000 Cotisations de sécurité sociale (CSS);18.0648456
FRA;France;2000;2000 Cotisations de sécurité sociale (CSS);18.1130637
FRA;France;2000;2000 Cotisations de sécurité sociale (CSS);17.6570201
FRA;France;2000;2000 Cotisations de sécurité sociale (CSS);15.6273956
FRA;France;2000;2000 Cotisations de sécurité sociale (CSS);15.8017826
FRA;France;2000;2000 Cotisations de sécurité sociale (CSS);15.5695175
FRA;France;2000;2000 Cotisations de sécurité sociale (CSS);15.5694146
FRA;France;2000;2000 Cotisations de sécurité sociale (CSS);15.6527331
FRA;France;2000;2000 Cotisations de sécurité sociale (CSS);15.8872793
FRA;France;2000;2000 Cotisations de sécurité sociale (CSS);15.6750507
FRA;France;2000;2000 Cotisations de sécurité sociale (CSS);15.8095907
FRA;France;2000;2000 Cotisations de sécurité sociale (CSS);15.957671
FRA;France;2000;2000 Cotisations de sécurité sociale (CSS);15.7256157
FRA;France;2000;2000 Cotisations de sécurité sociale (CSS);15.7283571
FRA;France;2000;2000 Cotisations de sécurité sociale (CSS);16.2742432
FRA;France;2000;2000 Cotisations de sécurité sociale (CSS);16.1050195
FRA;France;2000;2000 Cotisations de sécurité sociale (CSS);16.2288639
FRA;France;2000;2000 Cotisations de sécurité sociale (CSS);16.4455515
FRA;France;2000;2000 Cotisations de sécurité sociale (CSS);16.7315157
FRA;France;2000;2000 Cotisations de sécurité sociale (CSS);16.9124833
FRA;France;2000;2000 Cotisations de sécurité sociale (CSS);16.7188495
FRA;France;2000;2000 Cotisations de sécurité sociale (CSS);16.6792473
FRA;France;2000;2000 Cotisations de sécurité sociale (CSS);16.7352415
FRA;France;2000;2000 Cotisations de sécurité sociale (CSS);16.0179894
FRA;France;2000;2000 Cotisations de sécurité sociale (CSS);14.8273574
FRA;France;2000;2000 Cotisations de sécurité sociale (CSS);14.8498861
PDEV;NA;2000;2000 Cotisations de sécurité sociale (CSS);7.192664099364287
PDEV;NA;2000;2000 Cotisations de sécurité sociale (CSS);8.015780431682813
PDEV;NA;2000;2000 Cotisations de sécurité sociale (CSS);8.144965157574545
PDEV;NA;2000;2000 Cotisations de sécurité sociale (CSS);8.223098199060876
PDEV;NA;2000;2000 Cotisations de sécurité sociale (CSS);8.20675713835418
PDEV;NA;2000;2000 Cotisations de sécurité sociale (CSS);8.261056630530417
PDEV;NA;2000;2000 Cotisations de sécurité sociale (CSS);8.329323672629174
PDEV;NA;2000;2000 Cotisations de sécurité sociale (CSS);8.390534183068976
PDEV;NA;2000;2000 Cotisations de sécurité sociale (CSS);8.324706781817795
PDEV;NA;2000;2000 Cotisations de sécurité sociale (CSS);8.361313365157029
PDEV;NA;2000;2000 Cotisations de sécurité sociale (CSS);8.361501023943894
PDEV;NA;2000;2000 Cotisations de sécurité sociale (CSS);8.415757821644746
PDEV;NA;2000;2000 Cotisations de sécurité sociale (CSS);8.392792862817599
PDEV;NA;2000;2000 Cotisations de sécurité sociale (CSS);8.403589692924387
PDEV;NA;2000;2000 Cotisations de sécurité sociale (CSS);8.358646630761559
PDEV;NA;2000;2000 Cotisations de sécurité sociale (CSS);8.300502648754462
PDEV;NA;2000;2000 Cotisations de sécurité sociale (CSS);8.273315503728767
PDEV;NA;2000;2000 Cotisations de sécurité sociale (CSS);8.247083623737469
PDEV;NA;2000;2000 Cotisations de sécurité sociale (CSS);8.378204221990345
PDEV;NA;2000;2000 Cotisations de sécurité sociale (CSS);8.492689175574975
PDEV;NA;2000;2000 Cotisations de sécurité sociale (CSS);8.404353255547655
PDEV;NA;2000;2000 Cotisations de sécurité sociale (CSS);8.209307067712174
PDEV;NA;2000;2000 Cotisations de sécurité sociale (CSS);8.330756134760827
PDEV;NA;2000;2000 Cotisations de sécurité sociale (CSS);8.641076573104959
PDEV;NA;2000;2000 Cotisations de sécurité sociale (CSS);8.661727611849814
PDEV;NA;2000;2000 Cotisations de sécurité sociale (CSS);8.68818101472869
PDEV;NA;2000;2000 Cotisations de sécurité sociale (CSS);8.77299304393073
PDEV;NA;2000;2000 Cotisations de sécurité sociale (CSS);8.787589246267656
PDEV;NA;2000;2000 Cotisations de sécurité sociale (CSS);8.854355156773051
PDEV;NA;2000;2000 Cotisations de sécurité sociale (CSS);8.950755410024968
PDEV;NA;2000;2000 Cotisations de sécurité sociale (CSS);8.82690436661669
EU;NA;2000;2000 Cotisations de sécurité sociale (CSS);11.280111816609294
EU;NA;2000;2000 Cotisations de sécurité sociale (CSS);12.14200202032699
EU;NA;2000;2000 Cotisations de sécurité sociale (CSS);12.520752543192291
EU;NA;2000;2000 Cotisations de sécurité sociale (CSS);12.67782079639183
EU;NA;2000;2000 Cotisations de sécurité sociale (CSS);12.517495391943791
EU;NA;2000;2000 Cotisations de sécurité sociale (CSS);12.286791209847367
EU;NA;2000;2000 Cotisations de sécurité sociale (CSS);12.556871147550902
EU;NA;2000;2000 Cotisations de sécurité sociale (CSS);12.652840983799795
EU;NA;2000;2000 Cotisations de sécurité sociale (CSS);12.222896370861017
EU;NA;2000;2000 Cotisations de sécurité sociale (CSS);12.350650957787103
EU;NA;2000;2000 Cotisations de sécurité sociale (CSS);12.296492986649998
EU;NA;2000;2000 Cotisations de sécurité sociale (CSS);12.201801066424064
EU;NA;2000;2000 Cotisations de sécurité sociale (CSS);12.175746024374234
EU;NA;2000;2000 Cotisations de sécurité sociale (CSS);12.245019630553143
EU;NA;2000;2000 Cotisations de sécurité sociale (CSS);12.09518068678573
EU;NA;2000;2000 Cotisations de sécurité sociale (CSS);12.002120687541494
EU;NA;2000;2000 Cotisations de sécurité sociale (CSS);11.888502308617417
EU;NA;2000;2000 Cotisations de sécurité sociale (CSS);11.822810898075513
EU;NA;2000;2000 Cotisations de sécurité sociale (CSS);11.943706621232542
EU;NA;2000;2000 Cotisations de sécurité sociale (CSS);12.336482559547724
EU;NA;2000;2000 Cotisations de sécurité sociale (CSS);12.178021278890034
EU;NA;2000;2000 Cotisations de sécurité sociale (CSS);12.20494713042565
EU;NA;2000;2000 Cotisations de sécurité sociale (CSS);12.422295721376974
EU;NA;2000;2000 Cotisations de sécurité sociale (CSS);12.460605743323953
EU;NA;2000;2000 Cotisations de sécurité sociale (CSS);12.41346476885641
EU;NA;2000;2000 Cotisations de sécurité sociale (CSS);12.37105926697829
EU;NA;2000;2000 Cotisations de sécurité sociale (CSS);12.483668842864173
EU;NA;2000;2000 Cotisations de sécurité sociale (CSS);12.464057387149172
EU;NA;2000;2000 Cotisations de sécurité sociale (CSS);12.625930310632006
EU;NA;2000;2000 Cotisations de sécurité sociale (CSS);12.737394448256103
EU;NA;2000;2000 Cotisations de sécurité sociale (CSS);13.264584927957936
FRA;France;1110;1110 CSG;0
FRA;France;1110;1110 CSG;0
FRA;France;1110;1110 CSG;0.4008098842821479
FRA;France;1110;1110 CSG;0.5470397327439245
FRA;France;1110;1110 CSG;0.7817750992850653
FRA;France;1110;1110 CSG;0.7991640860526481
FRA;France;1110;1110 CSG;0.9828040106340882
FRA;France;1110;1110 CSG;1.407959729882805
FRA;France;1110;1110 CSG;2.735180012504194
FRA;France;1110;1110 CSG;2.802449138741812
FRA;France;1110;1110 CSG;2.8885435107442943
FRA;France;1110;1110 CSG;2.979601311521809
FRA;France;1110;1110 CSG;3.003809323432526
FRA;France;1110;1110 CSG;3.060325984222851
FRA;France;1110;1110 CSG;3.088139157502212
FRA;France;1110;1110 CSG;3.2828829253870797
FRA;France;1110;1110 CSG;3.39129861381514
FRA;France;1110;1110 CSG;3.541643770389687
FRA;France;1110;1110 CSG;3.6778972672639374
FRA;France;1110;1110 CSG;3.6516085541300627
FRA;France;1110;1110 CSG;3.640818448370685
FRA;France;1110;1110 CSG;3.7859785732686855
FRA;France;1110;1110 CSG;4.008167095147631
FRA;France;1110;1110 CSG;4.060685837224832
FRA;France;1110;1110 CSG;4.052586205050086
FRA;France;1110;1110 CSG;4.156907642693943
FRA;France;1110;1110 CSG;4.068713254073369
FRA;France;1110;1110 CSG;4.102866383720166
FRA;France;1110;1110 CSG;4.899277234465488
FRA;France;1110;1110 CSG;4.628000884005024
FRA;France;1110;1110 CSG;4.914324364417336
FRA;France;1100;1100 Impôts sur le revenu, les bénéfices et les gains en capital des personnes physiques;4.3920475
FRA;France;1100;1100 Impôts sur le revenu, les bénéfices et les gains en capital des personnes physiques;5.122163
FRA;France;1100;1100 Impôts sur le revenu, les bénéfices et les gains en capital des personnes physiques;4.300237015717852
FRA;France;1100;1100 Impôts sur le revenu, les bénéfices et les gains en capital des personnes physiques;4.298952667256076
FRA;France;1100;1100 Impôts sur le revenu, les bénéfices et les gains en capital des personnes physiques;4.154628700714935
FRA;France;1100;1100 Impôts sur le revenu, les bénéfices et les gains en capital des personnes physiques;4.013809613947352
FRA;France;1100;1100 Impôts sur le revenu, les bénéfices et les gains en capital des personnes physiques;4.062814689365912
FRA;France;1100;1100 Impôts sur le revenu, les bénéfices et les gains en capital des personnes physiques;3.9519015701171956
FRA;France;1100;1100 Impôts sur le revenu, les bénéfices et les gains en capital des personnes physiques;4.702860387495806
FRA;France;1100;1100 Impôts sur le revenu, les bénéfices et les gains en capital des personnes physiques;4.858251261258188
FRA;France;1100;1100 Impôts sur le revenu, les bénéfices et les gains en capital des personnes physiques;4.902668389255706
FRA;France;1100;1100 Impôts sur le revenu, les bénéfices et les gains en capital des personnes physiques;4.630419388478191
FRA;France;1100;1100 Impôts sur le revenu, les bénéfices et les gains en capital des personnes physiques;4.309521576567475
FRA;France;1100;1100 Impôts sur le revenu, les bénéfices et les gains en capital des personnes physiques;4.284779315777149
FRA;France;1100;1100 Impôts sur le revenu, les bénéfices et les gains en capital des personnes physiques;4.101528242497788
FRA;France;1100;1100 Impôts sur le revenu, les bénéfices et les gains en capital des personnes physiques;4.42873707461292
FRA;France;1100;1100 Impôts sur le revenu, les bénéfices et les gains en capital des personnes physiques;4.14454678618486
FRA;France;1100;1100 Impôts sur le revenu, les bénéfices et les gains en capital des personnes physiques;3.6891144296103136
FRA;France;1100;1100 Impôts sur le revenu, les bénéfices et les gains en capital des personnes physiques;3.6676127327360626
FRA;France;1100;1100 Impôts sur le revenu, les bénéfices et les gains en capital des personnes physiques;3.4838527458699375
FRA;France;1100;1100 Impôts sur le revenu, les bénéfices et les gains en capital des personnes physiques;3.532290851629315
FRA;France;1100;1100 Impôts sur le revenu, les bénéfices et les gains en capital des personnes physiques;3.636253826731315
FRA;France;1100;1100 Impôts sur le revenu, les bénéfices et les gains en capital des personnes physiques;4.011701404852368
FRA;France;1100;1100 Impôts sur le revenu, les bénéfices et les gains en capital des personnes physiques;4.364129162775169
FRA;France;1100;1100 Impôts sur le revenu, les bénéfices et les gains en capital des personnes physiques;4.4287718949499135
FRA;France;1100;1100 Impôts sur le revenu, les bénéfices et les gains en capital des personnes physiques;4.345013957306056
FRA;France;1100;1100 Impôts sur le revenu, les bénéfices et les gains en capital des personnes physiques;4.480537645926631
FRA;France;1100;1100 Impôts sur le revenu, les bénéfices et les gains en capital des personnes physiques;4.448810116279833
FRA;France;1100;1100 Impôts sur le revenu, les bénéfices et les gains en capital des personnes physiques;4.520214065534513
FRA;France;1100;1100 Impôts sur le revenu, les bénéfices et les gains en capital des personnes physiques;4.670978215994976
FRA;France;1100;1100 Impôts sur le revenu, les bénéfices et les gains en capital des personnes physiques;4.6468148355826635
PDEV;NA;1100;1100 Impôts sur le revenu, les bénéfices et les gains en capital des personnes physiques;9.499098969422663
PDEV;NA;1100;1100 Impôts sur le revenu, les bénéfices et les gains en capital des personnes physiques;9.063377578863923
PDEV;NA;1100;1100 Impôts sur le revenu, les bénéfices et les gains en capital des personnes physiques;9.101783790324674
PDEV;NA;1100;1100 Impôts sur le revenu, les bénéfices et les gains en capital des personnes physiques;9.143954108119695
PDEV;NA;1100;1100 Impôts sur le revenu, les bénéfices et les gains en capital des personnes physiques;8.943397201557527
PDEV;NA;1100;1100 Impôts sur le revenu, les bénéfices et les gains en capital des personnes physiques;8.899176279879129
PDEV;NA;1100;1100 Impôts sur le revenu, les bénéfices et les gains en capital des personnes physiques;8.96589152973054
PDEV;NA;1100;1100 Impôts sur le revenu, les bénéfices et les gains en capital des personnes physiques;9.130563566200848
PDEV;NA;1100;1100 Impôts sur le revenu, les bénéfices et les gains en capital des personnes physiques;9.383222609786808
PDEV;NA;1100;1100 Impôts sur le revenu, les bénéfices et les gains en capital des personnes physiques;9.391853156409248
PDEV;NA;1100;1100 Impôts sur le revenu, les bénéfices et les gains en capital des personnes physiques;9.64558655294461
PDEV;NA;1100;1100 Impôts sur le revenu, les bénéfices et les gains en capital des personnes physiques;9.524833965227552
PDEV;NA;1100;1100 Impôts sur le revenu, les bénéfices et les gains en capital des personnes physiques;8.424750213279884
PDEV;NA;1100;1100 Impôts sur le revenu, les bénéfices et les gains en capital des personnes physiques;7.927082376799721
PDEV;NA;1100;1100 Impôts sur le revenu, les bénéfices et les gains en capital des personnes physiques;7.820052610155852
PDEV;NA;1100;1100 Impôts sur le revenu, les bénéfices et les gains en capital des personnes physiques;8.2024222826729
PDEV;NA;1100;1100 Impôts sur le revenu, les bénéfices et les gains en capital des personnes physiques;8.54263752591725
PDEV;NA;1100;1100 Impôts sur le revenu, les bénéfices et les gains en capital des personnes physiques;8.947192347709475
PDEV;NA;1100;1100 Impôts sur le revenu, les bénéfices et les gains en capital des personnes physiques;8.944824702095518
PDEV;NA;1100;1100 Impôts sur le revenu, les bénéfices et les gains en capital des personnes physiques;7.89453190546652
PDEV;NA;1100;1100 Impôts sur le revenu, les bénéfices et les gains en capital des personnes physiques;7.84240535859441
PDEV;NA;1100;1100 Impôts sur le revenu, les bénéfices et les gains en capital des personnes physiques;8.350042230199632
PDEV;NA;1100;1100 Impôts sur le revenu, les bénéfices et les gains en capital des personnes physiques;8.46922991111588
PDEV;NA;1100;1100 Impôts sur le revenu, les bénéfices et les gains en capital des personnes physiques;8.820760180056546
PDEV;NA;1100;1100 Impôts sur le revenu, les bénéfices et les gains en capital des personnes physiques;8.946971425400838
PDEV;NA;1100;1100 Impôts sur le revenu, les bénéfices et les gains en capital des personnes physiques;9.210066471972773
PDEV;NA;1100;1100 Impôts sur le revenu, les bénéfices et les gains en capital des personnes physiques;9.107572589250921
PDEV;NA;1100;1100 Impôts sur le revenu, les bénéfices et les gains en capital des personnes physiques;9.198242043533718
PDEV;NA;1100;1100 Impôts sur le revenu, les bénéfices et les gains en capital des personnes physiques;9.127295419861458
PDEV;NA;1100;1100 Impôts sur le revenu, les bénéfices et les gains en capital des personnes physiques;9.219190951533538
PDEV;NA;1100;1100 Impôts sur le revenu, les bénéfices et les gains en capital des personnes physiques;9.918455564999274
EU;NA;1100;1100 Impôts sur le revenu, les bénéfices et les gains en capital des personnes physiques;10.298288241699662
EU;NA;1100;1100 Impôts sur le revenu, les bénéfices et les gains en capital des personnes physiques;9.244390019325655
EU;NA;1100;1100 Impôts sur le revenu, les bénéfices et les gains en capital des personnes physiques;10.074829143936686
EU;NA;1100;1100 Impôts sur le revenu, les bénéfices et les gains en capital des personnes physiques;10.255959360027003
EU;NA;1100;1100 Impôts sur le revenu, les bénéfices et les gains en capital des personnes physiques;9.836086702301975
EU;NA;1100;1100 Impôts sur le revenu, les bénéfices et les gains en capital des personnes physiques;9.374879348830586
EU;NA;1100;1100 Impôts sur le revenu, les bénéfices et les gains en capital des personnes physiques;9.037808298230246
EU;NA;1100;1100 Impôts sur le revenu, les bénéfices et les gains en capital des personnes physiques;8.908650897250476
EU;NA;1100;1100 Impôts sur le revenu, les bénéfices et les gains en capital des personnes physiques;8.924048348181376
EU;NA;1100;1100 Impôts sur le revenu, les bénéfices et les gains en capital des personnes physiques;8.863728930553666
EU;NA;1100;1100 Impôts sur le revenu, les bénéfices et les gains en capital des personnes physiques;8.741292254106941
EU;NA;1100;1100 Impôts sur le revenu, les bénéfices et les gains en capital des personnes physiques;8.806259665124157
EU;NA;1100;1100 Impôts sur le revenu, les bénéfices et les gains en capital des personnes physiques;8.50659263855678
EU;NA;1100;1100 Impôts sur le revenu, les bénéfices et les gains en capital des personnes physiques;8.299265402228498
EU;NA;1100;1100 Impôts sur le revenu, les bénéfices et les gains en capital des personnes physiques;8.078251987585496
EU;NA;1100;1100 Impôts sur le revenu, les bénéfices et les gains en capital des personnes physiques;8.156655275614964
EU;NA;1100;1100 Impôts sur le revenu, les bénéfices et les gains en capital des personnes physiques;8.390153690346143
EU;NA;1100;1100 Impôts sur le revenu, les bénéfices et les gains en capital des personnes physiques;8.701507003774935
EU;NA;1100;1100 Impôts sur le revenu, les bénéfices et les gains en capital des personnes physiques;8.90132163524423
EU;NA;1100;1100 Impôts sur le revenu, les bénéfices et les gains en capital des personnes physiques;8.729227154071747
EU;NA;1100;1100 Impôts sur le revenu, les bénéfices et les gains en capital des personnes physiques;8.471280629873268
EU;NA;1100;1100 Impôts sur le revenu, les bénéfices et les gains en capital des personnes physiques;8.54503171992249
EU;NA;1100;1100 Impôts sur le revenu, les bénéfices et les gains en capital des personnes physiques;8.908029297040814
EU;NA;1100;1100 Impôts sur le revenu, les bénéfices et les gains en capital des personnes physiques;9.05808381134295
EU;NA;1100;1100 Impôts sur le revenu, les bénéfices et les gains en capital des personnes physiques;9.092123544806583
EU;NA;1100;1100 Impôts sur le revenu, les bénéfices et les gains en capital des personnes physiques;9.077895402969645
EU;NA;1100;1100 Impôts sur le revenu, les bénéfices et les gains en capital des personnes physiques;8.98411194874057
EU;NA;1100;1100 Impôts sur le revenu, les bénéfices et les gains en capital des personnes physiques;9.142027813036652
EU;NA;1100;1100 Impôts sur le revenu, les bénéfices et les gains en capital des personnes physiques;9.22042390738737
EU;NA;1100;1100 Impôts sur le revenu, les bénéfices et les gains en capital des personnes physiques;9.324800894285028
EU;NA;1100;1100 Impôts sur le revenu, les bénéfices et les gains en capital des personnes physiques;9.614753176286754
FRA;France;4000;4000 Impôts sur le patrimoine;2.6039499
FRA;France;4000;4000 Impôts sur le patrimoine;2.6206532
FRA;France;4000;4000 Impôts sur le patrimoine;3.1845141
FRA;France;4000;4000 Impôts sur le patrimoine;2.7549669
FRA;France;4000;4000 Impôts sur le patrimoine;2.8861728
FRA;France;4000;4000 Impôts sur le patrimoine;2.8257352
FRA;France;4000;4000 Impôts sur le patrimoine;2.9316227
FRA;France;4000;4000 Impôts sur le patrimoine;3.1069818
FRA;France;4000;4000 Impôts sur le patrimoine;3.0893813
FRA;France;4000;4000 Impôts sur le patrimoine;3.1453755
FRA;France;4000;4000 Impôts sur le patrimoine;2.9772988
FRA;France;4000;4000 Impôts sur le patrimoine;2.943004
FRA;France;4000;4000 Impôts sur le patrimoine;2.9672071
FRA;France;4000;4000 Impôts sur le patrimoine;3.0343183
FRA;France;4000;4000 Impôts sur le patrimoine;3.1662506
FRA;France;4000;4000 Impôts sur le patrimoine;3.3078621
FRA;France;4000;4000 Impôts sur le patrimoine;3.3726359
FRA;France;4000;4000 Impôts sur le patrimoine;3.3595118
FRA;France;4000;4000 Impôts sur le patrimoine;3.2440836
FRA;France;4000;4000 Impôts sur le patrimoine;3.3229812
FRA;France;4000;4000 Impôts sur le patrimoine;3.534645
FRA;France;4000;4000 Impôts sur le patrimoine;3.6408347
FRA;France;4000;4000 Impôts sur le patrimoine;3.7707296
FRA;France;4000;4000 Impôts sur le patrimoine;3.8359749
FRA;France;4000;4000 Impôts sur le patrimoine;3.8959491
FRA;France;4000;4000 Impôts sur le patrimoine;4.0552661
FRA;France;4000;4000 Impôts sur le patrimoine;4.1109957
FRA;France;4000;4000 Impôts sur le patrimoine;4.2469713
FRA;France;4000;4000 Impôts sur le patrimoine;3.9896619
FRA;France;4000;4000 Impôts sur le patrimoine;3.8870826
FRA;France;4000;4000 Impôts sur le patrimoine;3.9760104
PDEV;NA;4000;4000 Impôts sur le patrimoine;2.5775019117037603
PDEV;NA;4000;4000 Impôts sur le patrimoine;2.442576862019459
PDEV;NA;4000;4000 Impôts sur le patrimoine;2.4642959351541824
PDEV;NA;4000;4000 Impôts sur le patrimoine;2.55263775178291
PDEV;NA;4000;4000 Impôts sur le patrimoine;2.5792705468904855
PDEV;NA;4000;4000 Impôts sur le patrimoine;2.473671785222673
PDEV;NA;4000;4000 Impôts sur le patrimoine;2.482534445156898
PDEV;NA;4000;4000 Impôts sur le patrimoine;2.4791677535169345
PDEV;NA;4000;4000 Impôts sur le patrimoine;2.446669243818384
PDEV;NA;4000;4000 Impôts sur le patrimoine;2.4944641526128137
PDEV;NA;4000;4000 Impôts sur le patrimoine;2.4520991467586217
PDEV;NA;4000;4000 Impôts sur le patrimoine;2.4601119915321843
PDEV;NA;4000;4000 Impôts sur le patrimoine;2.521550589956556
PDEV;NA;4000;4000 Impôts sur le patrimoine;2.5711453013235386
PDEV;NA;4000;4000 Impôts sur le patrimoine;2.556618428510034
PDEV;NA;4000;4000 Impôts sur le patrimoine;2.593025658627182
PDEV;NA;4000;4000 Impôts sur le patrimoine;2.628615661573813
PDEV;NA;4000;4000 Impôts sur le patrimoine;2.6330255614202667
PDEV;NA;4000;4000 Impôts sur le patrimoine;2.563780280803476
PDEV;NA;4000;4000 Impôts sur le patrimoine;2.6418570808594577
PDEV;NA;4000;4000 Impôts sur le patrimoine;2.5371342527873058
PDEV;NA;4000;4000 Impôts sur le patrimoine;2.497572902309452
PDEV;NA;4000;4000 Impôts sur le patrimoine;2.4990933670801785
PDEV;NA;4000;4000 Impôts sur le patrimoine;2.5405207698772805
PDEV;NA;4000;4000 Impôts sur le patrimoine;2.5651716403163802
PDEV;NA;4000;4000 Impôts sur le patrimoine;2.5801602065766787
PDEV;NA;4000;4000 Impôts sur le patrimoine;2.614332912450211
PDEV;NA;4000;4000 Impôts sur le patrimoine;3.1415917722892
PDEV;NA;4000;4000 Impôts sur le patrimoine;2.5814284598176767
PDEV;NA;4000;4000 Impôts sur le patrimoine;2.5433391585277607
PDEV;NA;4000;4000 Impôts sur le patrimoine;2.6852699019375623
EU;NA;4000;4000 Impôts sur le patrimoine;1.3226922646604027
EU;NA;4000;4000 Impôts sur le patrimoine;1.2035484662937437
EU;NA;4000;4000 Impôts sur le patrimoine;1.251390045120373
EU;NA;4000;4000 Impôts sur le patrimoine;1.4141184307407872
EU;NA;4000;4000 Impôts sur le patrimoine;1.4171093991156893
EU;NA;4000;4000 Impôts sur le patrimoine;1.3522537134699353
EU;NA;4000;4000 Impôts sur le patrimoine;1.408936755936795
EU;NA;4000;4000 Impôts sur le patrimoine;1.4219603128147282
EU;NA;4000;4000 Impôts sur le patrimoine;1.3685574159888712
EU;NA;4000;4000 Impôts sur le patrimoine;1.4132091624461156
EU;NA;4000;4000 Impôts sur le patrimoine;1.4094945167502702
EU;NA;4000;4000 Impôts sur le patrimoine;1.365134359344974
EU;NA;4000;4000 Impôts sur le patrimoine;1.4122255224107378
EU;NA;4000;4000 Impôts sur le patrimoine;1.6140824662438884
EU;NA;4000;4000 Impôts sur le patrimoine;1.555068527678986
EU;NA;4000;4000 Impôts sur le patrimoine;1.562723481516738
EU;NA;4000;4000 Impôts sur le patrimoine;1.6059449266800547
EU;NA;4000;4000 Impôts sur le patrimoine;1.5658995739675972
EU;NA;4000;4000 Impôts sur le patrimoine;1.4013108158412042
EU;NA;4000;4000 Impôts sur le patrimoine;1.4558937411442288
EU;NA;4000;4000 Impôts sur le patrimoine;1.3707413863186597
EU;NA;4000;4000 Impôts sur le patrimoine;1.407764343072642
EU;NA;4000;4000 Impôts sur le patrimoine;1.530292220185823
EU;NA;4000;4000 Impôts sur le patrimoine;1.6245795717077118
EU;NA;4000;4000 Impôts sur le patrimoine;1.6865104985294481
EU;NA;4000;4000 Impôts sur le patrimoine;1.6827849456781157
EU;NA;4000;4000 Impôts sur le patrimoine;1.6959111320767384
EU;NA;4000;4000 Impôts sur le patrimoine;1.6361387425430383
EU;NA;4000;4000 Impôts sur le patrimoine;1.637476720362145
EU;NA;4000;4000 Impôts sur le patrimoine;1.6141144184147191
EU;NA;4000;4000 Impôts sur le patrimoine;1.6726303296796718
FRA;France;1200;1200 Impôts sur le revenu, les bénéfices et les gains en capital des sociétés;2.194186
FRA;France;1200;1200 Impôts sur le revenu, les bénéfices et les gains en capital des sociétés;1.8512619
FRA;France;1200;1200 Impôts sur le revenu, les bénéfices et les gains en capital des sociétés;1.9501636
FRA;France;1200;1200 Impôts sur le revenu, les bénéfices et les gains en capital des sociétés;1.9236174
FRA;France;1200;1200 Impôts sur le revenu, les bénéfices et les gains en capital des sociétés;1.9621703
FRA;France;1200;1200 Impôts sur le revenu, les bénéfices et les gains en capital des sociétés;2.0562071
FRA;France;1200;1200 Impôts sur le revenu, les bénéfices et les gains en capital des sociétés;2.2632226
FRA;France;1200;1200 Impôts sur le revenu, les bénéfices et les gains en capital des sociétés;2.5596579
FRA;France;1200;1200 Impôts sur le revenu, les bénéfices et les gains en capital des sociétés;2.5917822
FRA;France;1200;1200 Impôts sur le revenu, les bénéfices et les gains en capital des sociétés;2.8892335
FRA;France;1200;1200 Impôts sur le revenu, les bénéfices et les gains en capital des sociétés;2.9953909
FRA;France;1200;1200 Impôts sur le revenu, les bénéfices et les gains en capital des sociétés;3.2894224
FRA;France;1200;1200 Impôts sur le revenu, les bénéfices et les gains en capital des sociétés;2.7964324
FRA;France;1200;1200 Impôts sur le revenu, les bénéfices et les gains en capital des sociétés;2.423528
FRA;France;1200;1200 Impôts sur le revenu, les bénéfices et les gains en capital des sociétés;2.6931506
FRA;France;1200;1200 Impôts sur le revenu, les bénéfices et les gains en capital des sociétés;2.3537536
FRA;France;1200;1200 Impôts sur le revenu, les bénéfices et les gains en capital des sociétés;2.9002855
FRA;France;1200;1200 Impôts sur le revenu, les bénéfices et les gains en capital des sociétés;2.8932107
FRA;France;1200;1200 Impôts sur le revenu, les bénéfices et les gains en capital des sociétés;2.8406379
FRA;France;1200;1200 Impôts sur le revenu, les bénéfices et les gains en capital des sociétés;1.4323689
FRA;France;1200;1200 Impôts sur le revenu, les bénéfices et les gains en capital des sociétés;2.3364107
FRA;France;1200;1200 Impôts sur le revenu, les bénéfices et les gains en capital des sociétés;2.6269838
FRA;France;1200;1200 Impôts sur le revenu, les bénéfices et les gains en capital des sociétés;2.5829101
FRA;France;1200;1200 Impôts sur le revenu, les bénéfices et les gains en capital des sociétés;2.6371517
FRA;France;1200;1200 Impôts sur le revenu, les bénéfices et les gains en capital des sociétés;2.3080772
FRA;France;1200;1200 Impôts sur le revenu, les bénéfices et les gains en capital des sociétés;2.0839898
FRA;France;1200;1200 Impôts sur le revenu, les bénéfices et les gains en capital des sociétés;2.0294101
FRA;France;1200;1200 Impôts sur le revenu, les bénéfices et les gains en capital des sociétés;2.3231925
FRA;France;1200;1200 Impôts sur le revenu, les bénéfices et les gains en capital des sociétés;2.096698
FRA;France;1200;1200 Impôts sur le revenu, les bénéfices et les gains en capital des sociétés;2.2214176
FRA;France;1200;1200 Impôts sur le revenu, les bénéfices et les gains en capital des sociétés;2.3193171
PDEV;NA;1200;1200 Impôts sur le revenu, les bénéfices et les gains en capital des sociétés;2.8030516235102025
PDEV;NA;1200;1200 Impôts sur le revenu, les bénéfices et les gains en capital des sociétés;2.594921906550333
PDEV;NA;1200;1200 Impôts sur le revenu, les bénéfices et les gains en capital des sociétés;2.3939835125576723
PDEV;NA;1200;1200 Impôts sur le revenu, les bénéfices et les gains en capital des sociétés;2.3791198656889847
PDEV;NA;1200;1200 Impôts sur le revenu, les bénéfices et les gains en capital des sociétés;2.3867672128552084
PDEV;NA;1200;1200 Impôts sur le revenu, les bénéfices et les gains en capital des sociétés;2.543286282708929
PDEV;NA;1200;1200 Impôts sur le revenu, les bénéfices et les gains en capital des sociétés;2.6969951808529133
PDEV;NA;1200;1200 Impôts sur le revenu, les bénéfices et les gains en capital des sociétés;2.809932442985915
PDEV;NA;1200;1200 Impôts sur le revenu, les bénéfices et les gains en capital des sociétés;2.6454695971794417
PDEV;NA;1200;1200 Impôts sur le revenu, les bénéfices et les gains en capital des sociétés;2.6290005237231324
PDEV;NA;1200;1200 Impôts sur le revenu, les bénéfices et les gains en capital des sociétés;2.753768430633855
PDEV;NA;1200;1200 Impôts sur le revenu, les bénéfices et les gains en capital des sociétés;2.258934534627371
PDEV;NA;1200;1200 Impôts sur le revenu, les bénéfices et les gains en capital des sociétés;2.1477159140138884
PDEV;NA;1200;1200 Impôts sur le revenu, les bénéfices et les gains en capital des sociétés;2.3325544176444657
PDEV;NA;1200;1200 Impôts sur le revenu, les bénéfices et les gains en capital des sociétés;2.6350118969523035
PDEV;NA;1200;1200 Impôts sur le revenu, les bénéfices et les gains en capital des sociétés;3.051007345245105
PDEV;NA;1200;1200 Impôts sur le revenu, les bénéfices et les gains en capital des sociétés;3.2996881917762737
PDEV;NA;1200;1200 Impôts sur le revenu, les bénéfices et les gains en capital des sociétés;3.1680345995497228
PDEV;NA;1200;1200 Impôts sur le revenu, les bénéfices et les gains en capital des sociétés;2.5216365126902436
PDEV;NA;1200;1200 Impôts sur le revenu, les bénéfices et les gains en capital des sociétés;2.002078313458057
PDEV;NA;1200;1200 Impôts sur le revenu, les bénéfices et les gains en capital des sociétés;2.243557850907583
PDEV;NA;1200;1200 Impôts sur le revenu, les bénéfices et les gains en capital des sociétés;2.279035003563208
PDEV;NA;1200;1200 Impôts sur le revenu, les bénéfices et les gains en capital des sociétés;2.4194270898057155
PDEV;NA;1200;1200 Impôts sur le revenu, les bénéfices et les gains en capital des sociétés;2.474330656711096
PDEV;NA;1200;1200 Impôts sur le revenu, les bénéfices et les gains en capital des sociétés;2.5215617640496184
PDEV;NA;1200;1200 Impôts sur le revenu, les bénéfices et les gains en capital des sociétés;2.454898141029665
PDEV;NA;1200;1200 Impôts sur le revenu, les bénéfices et les gains en capital des sociétés;2.470992062672664
PDEV;NA;1200;1200 Impôts sur le revenu, les bénéfices et les gains en capital des sociétés;2.3389095397179647
PDEV;NA;1200;1200 Impôts sur le revenu, les bénéfices et les gains en capital des sociétés;2.3572735037859567
PDEV;NA;1200;1200 Impôts sur le revenu, les bénéfices et les gains en capital des sociétés;2.2939324697579857
PDEV;NA;1200;1200 Impôts sur le revenu, les bénéfices et les gains en capital des sociétés;1.9513200235772366
EU;NA;1200;1200 Impôts sur le revenu, les bénéfices et les gains en capital des sociétés;2.705104917466488
EU;NA;1200;1200 Impôts sur le revenu, les bénéfices et les gains en capital des sociétés;2.6793610569667
EU;NA;1200;1200 Impôts sur le revenu, les bénéfices et les gains en capital des sociétés;2.389723685940408
EU;NA;1200;1200 Impôts sur le revenu, les bénéfices et les gains en capital des sociétés;2.2576243120453396
EU;NA;1200;1200 Impôts sur le revenu, les bénéfices et les gains en capital des sociétés;2.052626841514919
EU;NA;1200;1200 Impôts sur le revenu, les bénéfices et les gains en capital des sociétés;2.1673815497566187
EU;NA;1200;1200 Impôts sur le revenu, les bénéfices et les gains en capital des sociétés;2.3756954915096062
EU;NA;1200;1200 Impôts sur le revenu, les bénéfices et les gains en capital des sociétés;2.655854418247583
EU;NA;1200;1200 Impôts sur le revenu, les bénéfices et les gains en capital des sociétés;2.5303216824791424
EU;NA;1200;1200 Impôts sur le revenu, les bénéfices et les gains en capital des sociétés;2.630808174593342
EU;NA;1200;1200 Impôts sur le revenu, les bénéfices et les gains en capital des sociétés;2.700811809570454
EU;NA;1200;1200 Impôts sur le revenu, les bénéfices et les gains en capital des sociétés;2.32024378514279
EU;NA;1200;1200 Impôts sur le revenu, les bénéfices et les gains en capital des sociétés;2.3605836151522523
EU;NA;1200;1200 Impôts sur le revenu, les bénéfices et les gains en capital des sociétés;2.2844398824392917
EU;NA;1200;1200 Impôts sur le revenu, les bénéfices et les gains en capital des sociétés;2.47207356350289
EU;NA;1200;1200 Impôts sur le revenu, les bénéfices et les gains en capital des sociétés;2.5948276766399574
EU;NA;1200;1200 Impôts sur le revenu, les bénéfices et les gains en capital des sociétés;2.883614759731052
EU;NA;1200;1200 Impôts sur le revenu, les bénéfices et les gains en capital des sociétés;3.05748667637729
EU;NA;1200;1200 Impôts sur le revenu, les bénéfices et les gains en capital des sociétés;2.632436821469345
EU;NA;1200;1200 Impôts sur le revenu, les bénéfices et les gains en capital des sociétés;2.048058894545737
EU;NA;1200;1200 Impôts sur le revenu, les bénéfices et les gains en capital des sociétés;2.035069731135658
EU;NA;1200;1200 Impôts sur le revenu, les bénéfices et les gains en capital des sociétés;2.0593284705797075
EU;NA;1200;1200 Impôts sur le revenu, les bénéfices et les gains en capital des sociétés;2.114814685086018
EU;NA;1200;1200 Impôts sur le revenu, les bénéfices et les gains en capital des sociétés;2.1639322284471105
EU;NA;1200;1200 Impôts sur le revenu, les bénéfices et les gains en capital des sociétés;2.1278280224692567
EU;NA;1200;1200 Impôts sur le revenu, les bénéfices et les gains en capital des sociétés;2.196129121254513
EU;NA;1200;1200 Impôts sur le revenu, les bénéfices et les gains en capital des sociétés;2.353057260982193
EU;NA;1200;1200 Impôts sur le revenu, les bénéfices et les gains en capital des sociétés;2.399899902270223
EU;NA;1200;1200 Impôts sur le revenu, les bénéfices et les gains en capital des sociétés;2.46665971959553
EU;NA;1200;1200 Impôts sur le revenu, les bénéfices et les gains en capital des sociétés;2.3956247685440006
EU;NA;1200;1200 Impôts sur le revenu, les bénéfices et les gains en capital des sociétés;2.1667727681897246
FRA;France;3000;3000 Impôts sur les salaires et la main-d’oeuvre;0.783425
FRA;France;3000;3000 Impôts sur les salaires et la main-d’oeuvre;0.7920833
FRA;France;3000;3000 Impôts sur les salaires et la main-d’oeuvre;0.8770331
FRA;France;3000;3000 Impôts sur les salaires et la main-d’oeuvre;0.9394818
FRA;France;3000;3000 Impôts sur les salaires et la main-d’oeuvre;0.9996889
FRA;France;3000;3000 Impôts sur les salaires et la main-d’oeuvre;1.0518402
FRA;France;3000;3000 Impôts sur les salaires et la main-d’oeuvre;1.0781955
FRA;France;3000;3000 Impôts sur les salaires et la main-d’oeuvre;1.1167864
FRA;France;3000;3000 Impôts sur les salaires et la main-d’oeuvre;1.0355168
FRA;France;3000;3000 Impôts sur les salaires et la main-d’oeuvre;1.0399948
FRA;France;3000;3000 Impôts sur les salaires et la main-d’oeuvre;1.0055591
FRA;France;3000;3000 Impôts sur les salaires et la main-d’oeuvre;0.9858076
FRA;France;3000;3000 Impôts sur les salaires et la main-d’oeuvre;1.0403825
FRA;France;3000;3000 Impôts sur les salaires et la main-d’oeuvre;1.0543646
FRA;France;3000;3000 Impôts sur les salaires et la main-d’oeuvre;1.096744
FRA;France;3000;3000 Impôts sur les salaires et la main-d’oeuvre;1.1465244
FRA;France;3000;3000 Impôts sur les salaires et la main-d’oeuvre;1.1405171
FRA;France;3000;3000 Impôts sur les salaires et la main-d’oeuvre;1.1720029
FRA;France;3000;3000 Impôts sur les salaires et la main-d’oeuvre;1.2168782
FRA;France;3000;3000 Impôts sur les salaires et la main-d’oeuvre;1.3188479
FRA;France;3000;3000 Impôts sur les salaires et la main-d’oeuvre;1.3422676
FRA;France;3000;3000 Impôts sur les salaires et la main-d’oeuvre;1.3436811
FRA;France;3000;3000 Impôts sur les salaires et la main-d’oeuvre;1.414488
FRA;France;3000;3000 Impôts sur les salaires et la main-d’oeuvre;1.5779031
FRA;France;3000;3000 Impôts sur les salaires et la main-d’oeuvre;1.5928951
FRA;France;3000;3000 Impôts sur les salaires et la main-d’oeuvre;1.5638633
FRA;France;3000;3000 Impôts sur les salaires et la main-d’oeuvre;1.5493446
FRA;France;3000;3000 Impôts sur les salaires et la main-d’oeuvre;1.54795
FRA;France;3000;3000 Impôts sur les salaires et la main-d’oeuvre;1.5095208
FRA;France;3000;3000 Impôts sur les salaires et la main-d’oeuvre;1.7785512
FRA;France;3000;3000 Impôts sur les salaires et la main-d’oeuvre;1.8907942
PDEV;NA;3000;3000 Impôts sur les salaires et la main-d’oeuvre;0.09263202082255696
PDEV;NA;3000;3000 Impôts sur les salaires et la main-d’oeuvre;0.23397856274608436
PDEV;NA;3000;3000 Impôts sur les salaires et la main-d’oeuvre;0.1276555185696172
PDEV;NA;3000;3000 Impôts sur les salaires et la main-d’oeuvre;0.09959010703805526
PDEV;NA;3000;3000 Impôts sur les salaires et la main-d’oeuvre;0.09014523914950621
PDEV;NA;3000;3000 Impôts sur les salaires et la main-d’oeuvre;0.08531484685961885
PDEV;NA;3000;3000 Impôts sur les salaires et la main-d’oeuvre;0.08336290567041843
PDEV;NA;3000;3000 Impôts sur les salaires et la main-d’oeuvre;0.09280776022680824
PDEV;NA;3000;3000 Impôts sur les salaires et la main-d’oeuvre;0.10195737747811146
PDEV;NA;3000;3000 Impôts sur les salaires et la main-d’oeuvre;0.11298710006754352
PDEV;NA;3000;3000 Impôts sur les salaires et la main-d’oeuvre;0.09502258496551909
PDEV;NA;3000;3000 Impôts sur les salaires et la main-d’oeuvre;0.09496902730660797
PDEV;NA;3000;3000 Impôts sur les salaires et la main-d’oeuvre;0.08972249919011693
PDEV;NA;3000;3000 Impôts sur les salaires et la main-d’oeuvre;0.09061710801156464
PDEV;NA;3000;3000 Impôts sur les salaires et la main-d’oeuvre;0.08962999641053979
PDEV;NA;3000;3000 Impôts sur les salaires et la main-d’oeuvre;0.08913144616462056
PDEV;NA;3000;3000 Impôts sur les salaires et la main-d’oeuvre;0.09163039256042471
PDEV;NA;3000;3000 Impôts sur les salaires et la main-d’oeuvre;0.09216249685303883
PDEV;NA;3000;3000 Impôts sur les salaires et la main-d’oeuvre;0.10540675756144428
PDEV;NA;3000;3000 Impôts sur les salaires et la main-d’oeuvre;0.10728219078443381
PDEV;NA;3000;3000 Impôts sur les salaires et la main-d’oeuvre;0.10436778696594298
PDEV;NA;3000;3000 Impôts sur les salaires et la main-d’oeuvre;0.11634572600924378
PDEV;NA;3000;3000 Impôts sur les salaires et la main-d’oeuvre;0.11843063868866066
PDEV;NA;3000;3000 Impôts sur les salaires et la main-d’oeuvre;0.12194214509460051
PDEV;NA;3000;3000 Impôts sur les salaires et la main-d’oeuvre;0.12082419605526655
PDEV;NA;3000;3000 Impôts sur les salaires et la main-d’oeuvre;0.12192702484395984
PDEV;NA;3000;3000 Impôts sur les salaires et la main-d’oeuvre;0.12370175059024292
PDEV;NA;3000;3000 Impôts sur les salaires et la main-d’oeuvre;0.13352586410427136
PDEV;NA;3000;3000 Impôts sur les salaires et la main-d’oeuvre;0.136280116450359
PDEV;NA;3000;3000 Impôts sur les salaires et la main-d’oeuvre;0.14517922789044685
PDEV;NA;3000;3000 Impôts sur les salaires et la main-d’oeuvre;0.1678951229205322
EU;NA;3000;3000 Impôts sur les salaires et la main-d’oeuvre;0.2858674062249884
EU;NA;3000;3000 Impôts sur les salaires et la main-d’oeuvre;0.6879544973424461
EU;NA;3000;3000 Impôts sur les salaires et la main-d’oeuvre;0.3229319226494062
EU;NA;3000;3000 Impôts sur les salaires et la main-d’oeuvre;0.2288395359778386
EU;NA;3000;3000 Impôts sur les salaires et la main-d’oeuvre;0.2030899822468889
EU;NA;3000;3000 Impôts sur les salaires et la main-d’oeuvre;0.1771333037900488
EU;NA;3000;3000 Impôts sur les salaires et la main-d’oeuvre;0.17212179200541264
EU;NA;3000;3000 Impôts sur les salaires et la main-d’oeuvre;0.2057601972105207
EU;NA;3000;3000 Impôts sur les salaires et la main-d’oeuvre;0.23458375418625935
EU;NA;3000;3000 Impôts sur les salaires et la main-d’oeuvre;0.27246227138906004
EU;NA;3000;3000 Impôts sur les salaires et la main-d’oeuvre;0.2180176893195467
EU;NA;3000;3000 Impôts sur les salaires et la main-d’oeuvre;0.21959172072287012
EU;NA;3000;3000 Impôts sur les salaires et la main-d’oeuvre;0.20345159732137036
EU;NA;3000;3000 Impôts sur les salaires et la main-d’oeuvre;0.20573977918609687
EU;NA;3000;3000 Impôts sur les salaires et la main-d’oeuvre;0.2044145788126663
EU;NA;3000;3000 Impôts sur les salaires et la main-d’oeuvre;0.20426230548468396
EU;NA;3000;3000 Impôts sur les salaires et la main-d’oeuvre;0.21286225022204336
EU;NA;3000;3000 Impôts sur les salaires et la main-d’oeuvre;0.2124744881954469
EU;NA;3000;3000 Impôts sur les salaires et la main-d’oeuvre;0.2561134444427081
EU;NA;3000;3000 Impôts sur les salaires et la main-d’oeuvre;0.2577729530476571
EU;NA;3000;3000 Impôts sur les salaires et la main-d’oeuvre;0.23353656596833786
EU;NA;3000;3000 Impôts sur les salaires et la main-d’oeuvre;0.27608812938547506
EU;NA;3000;3000 Impôts sur les salaires et la main-d’oeuvre;0.28363800679584505
EU;NA;3000;3000 Impôts sur les salaires et la main-d’oeuvre;0.29498981757356035
EU;NA;3000;3000 Impôts sur les salaires et la main-d’oeuvre;0.2924405628234098
EU;NA;3000;3000 Impôts sur les salaires et la main-d’oeuvre;0.2932405514636284
EU;NA;3000;3000 Impôts sur les salaires et la main-d’oeuvre;0.2961761921972824
EU;NA;3000;3000 Impôts sur les salaires et la main-d’oeuvre;0.3091920980022476
EU;NA;3000;3000 Impôts sur les salaires et la main-d’oeuvre;0.3109306242054914
EU;NA;3000;3000 Impôts sur les salaires et la main-d’oeuvre;0.3259075861773363
EU;NA;3000;3000 Impôts sur les salaires et la main-d’oeuvre;0.3216792830345027
FRA;France;5000;5000m Impôts sur les biens et services hors TVA;4.106408
FRA;France;5000;5000m Impôts sur les biens et services hors TVA;4.0204352000000005
FRA;France;5000;5000m Impôts sur les biens et services hors TVA;3.9751679000000006
FRA;France;5000;5000m Impôts sur les biens et services hors TVA;4.1189228
FRA;France;5000;5000m Impôts sur les biens et services hors TVA;4.352965200000001
FRA;France;5000;5000m Impôts sur les biens et services hors TVA;4.674682399999999
FRA;France;5000;5000m Impôts sur les biens et services hors TVA;4.743989299999999
FRA;France;5000;5000m Impôts sur les biens et services hors TVA;4.607411900000001
FRA;France;5000;5000m Impôts sur les biens et services hors TVA;4.4719551
FRA;France;5000;5000m Impôts sur les biens et services hors TVA;4.4602601
FRA;France;5000;5000m Impôts sur les biens et services hors TVA;4.2228377
FRA;France;5000;5000m Impôts sur les biens et services hors TVA;4.0767016
FRA;France;5000;5000m Impôts sur les biens et services hors TVA;4.1854809
FRA;France;5000;5000m Impôts sur les biens et services hors TVA;4.048631800000001
FRA;France;5000;5000m Impôts sur les biens et services hors TVA;4.0257698
FRA;France;5000;5000m Impôts sur les biens et services hors TVA;3.9477651
FRA;France;5000;5000m Impôts sur les biens et services hors TVA;3.8464900999999996
FRA;France;5000;5000m Impôts sur les biens et services hors TVA;3.7450863000000005
FRA;France;5000;5000m Impôts sur les biens et services hors TVA;3.7196649000000006
FRA;France;5000;5000m Impôts sur les biens et services hors TVA;3.9178313000000005
FRA;France;5000;5000m Impôts sur les biens et services hors TVA;4.4141713
FRA;France;5000;5000m Impôts sur les biens et services hors TVA;4.6687499
FRA;France;5000;5000m Impôts sur les biens et services hors TVA;4.8319586999999995
FRA;France;5000;5000m Impôts sur les biens et services hors TVA;4.8473824
FRA;France;5000;5000m Impôts sur les biens et services hors TVA;4.8687239
FRA;France;5000;5000m Impôts sur les biens et services hors TVA;4.955182099999999
FRA;France;5000;5000m Impôts sur les biens et services hors TVA;5.0774189000000005
FRA;France;5000;5000m Impôts sur les biens et services hors TVA;5.1454024
FRA;France;5000;5000m Impôts sur les biens et services hors TVA;5.261672999999999
FRA;France;5000;5000m Impôts sur les biens et services hors TVA;5.2197513
FRA;France;5000;5000m Impôts sur les biens et services hors TVA;5.3016991
PDEV;NA;5000;5000m Impôts sur les biens et services hors TVA;4.51745871546718
PDEV;NA;5000;5000m Impôts sur les biens et services hors TVA;4.552715552427078
PDEV;NA;5000;5000m Impôts sur les biens et services hors TVA;4.6318198470293215
PDEV;NA;5000;5000m Impôts sur les biens et services hors TVA;4.560385835679923
PDEV;NA;5000;5000m Impôts sur les biens et services hors TVA;4.577440131981439
PDEV;NA;5000;5000m Impôts sur les biens et services hors TVA;4.573516589502859
PDEV;NA;5000;5000m Impôts sur les biens et services hors TVA;4.506029399751245
PDEV;NA;5000;5000m Impôts sur les biens et services hors TVA;4.433694094382781
PDEV;NA;5000;5000m Impôts sur les biens et services hors TVA;4.40987396137949
PDEV;NA;5000;5000m Impôts sur les biens et services hors TVA;4.41159219350185
PDEV;NA;5000;5000m Impôts sur les biens et services hors TVA;4.305671071173552
PDEV;NA;5000;5000m Impôts sur les biens et services hors TVA;4.241614216263559
PDEV;NA;5000;5000m Impôts sur les biens et services hors TVA;4.202482676486966
PDEV;NA;5000;5000m Impôts sur les biens et services hors TVA;4.1954735478813925
PDEV;NA;5000;5000m Impôts sur les biens et services hors TVA;4.220429606901417
PDEV;NA;5000;5000m Impôts sur les biens et services hors TVA;4.192266036753853
PDEV;NA;5000;5000m Impôts sur les biens et services hors TVA;4.138214881144185
PDEV;NA;5000;5000m Impôts sur les biens et services hors TVA;4.065874791783715
PDEV;NA;5000;5000m Impôts sur les biens et services hors TVA;3.9672333585995023
PDEV;NA;5000;5000m Impôts sur les biens et services hors TVA;3.911943590754181
PDEV;NA;5000;5000m Impôts sur les biens et services hors TVA;3.9581068521296943
PDEV;NA;5000;5000m Impôts sur les biens et services hors TVA;4.012873791181979
PDEV;NA;5000;5000m Impôts sur les biens et services hors TVA;4.028120117111642
PDEV;NA;5000;5000m Impôts sur les biens et services hors TVA;4.045500005114215
PDEV;NA;5000;5000m Impôts sur les biens et services hors TVA;4.015717151949909
PDEV;NA;5000;5000m Impôts sur les biens et services hors TVA;3.9874953763716814
PDEV;NA;5000;5000m Impôts sur les biens et services hors TVA;3.981844579124063
PDEV;NA;5000;5000m Impôts sur les biens et services hors TVA;3.950898696969557
PDEV;NA;5000;5000m Impôts sur les biens et services hors TVA;3.9459242046843825
PDEV;NA;5000;5000m Impôts sur les biens et services hors TVA;3.8982791005040958
PDEV;NA;5000;5000m Impôts sur les biens et services hors TVA;3.9848065061329914
EU;NA;5000;5000m Impôts sur les biens et services hors TVA;4.730366410613174
EU;NA;5000;5000m Impôts sur les biens et services hors TVA;4.891401030413201
EU;NA;5000;5000m Impôts sur les biens et services hors TVA;5.170168235027214
EU;NA;5000;5000m Impôts sur les biens et services hors TVA;5.04090183824337
EU;NA;5000;5000m Impôts sur les biens et services hors TVA;4.7942143507254755
EU;NA;5000;5000m Impôts sur les biens et services hors TVA;4.899792527530053
EU;NA;5000;5000m Impôts sur les biens et services hors TVA;4.79810767166533
EU;NA;5000;5000m Impôts sur les biens et services hors TVA;4.685579044239137
EU;NA;5000;5000m Impôts sur les biens et services hors TVA;4.6506079615161475
EU;NA;5000;5000m Impôts sur les biens et services hors TVA;4.720340178651973
EU;NA;5000;5000m Impôts sur les biens et services hors TVA;4.510067786617416
EU;NA;5000;5000m Impôts sur les biens et services hors TVA;4.410987620569951
EU;NA;5000;5000m Impôts sur les biens et services hors TVA;4.439953586081452
EU;NA;5000;5000m Impôts sur les biens et services hors TVA;4.476245074292755
EU;NA;5000;5000m Impôts sur les biens et services hors TVA;4.5510978324584075
EU;NA;5000;5000m Impôts sur les biens et services hors TVA;4.5046273735957145
EU;NA;5000;5000m Impôts sur les biens et services hors TVA;4.424958321219827
EU;NA;5000;5000m Impôts sur les biens et services hors TVA;4.340284917539331
EU;NA;5000;5000m Impôts sur les biens et services hors TVA;4.302267170007043
EU;NA;5000;5000m Impôts sur les biens et services hors TVA;4.344881062693161
EU;NA;5000;5000m Impôts sur les biens et services hors TVA;4.361315323442336
EU;NA;5000;5000m Impôts sur les biens et services hors TVA;4.4208290423057655
EU;NA;5000;5000m Impôts sur les biens et services hors TVA;4.507989776773478
EU;NA;5000;5000m Impôts sur les biens et services hors TVA;4.517598914932676
EU;NA;5000;5000m Impôts sur les biens et services hors TVA;4.490731885911665
EU;NA;5000;5000m Impôts sur les biens et services hors TVA;4.484879530291955
EU;NA;5000;5000m Impôts sur les biens et services hors TVA;4.520539274120711
EU;NA;5000;5000m Impôts sur les biens et services hors TVA;4.353343784279025
EU;NA;5000;5000m Impôts sur les biens et services hors TVA;4.3359316052496935
EU;NA;5000;5000m Impôts sur les biens et services hors TVA;4.281219443009173
EU;NA;5000;5000m Impôts sur les biens et services hors TVA;4.061018272907111
FRA;France;5111;5111 Taxes sur la valeur ajoutée;7.5907324
FRA;France;5111;5111 Taxes sur la valeur ajoutée;7.2857505
FRA;France;5111;5111 Taxes sur la valeur ajoutée;7.0329678
FRA;France;5111;5111 Taxes sur la valeur ajoutée;7.0852512
FRA;France;5111;5111 Taxes sur la valeur ajoutée;7.2358156
FRA;France;5111;5111 Taxes sur la valeur ajoutée;7.3328888
FRA;France;5111;5111 Taxes sur la valeur ajoutée;7.6735325
FRA;France;5111;5111 Taxes sur la valeur ajoutée;7.6531161
FRA;France;5111;5111 Taxes sur la valeur ajoutée;7.5308193
FRA;France;5111;5111 Taxes sur la valeur ajoutée;7.5567427
FRA;France;5111;5111 Taxes sur la valeur ajoutée;7.2406915
FRA;France;5111;5111 Taxes sur la valeur ajoutée;7.0622106
FRA;France;5111;5111 Taxes sur la valeur ajoutée;6.9592326
FRA;France;5111;5111 Taxes sur la valeur ajoutée;6.9728248
FRA;France;5111;5111 Taxes sur la valeur ajoutée;7.057737
FRA;France;5111;5111 Taxes sur la valeur ajoutée;7.1634016
FRA;France;5111;5111 Taxes sur la valeur ajoutée;7.1220515
FRA;France;5111;5111 Taxes sur la valeur ajoutée;7.0177718
FRA;France;5111;5111 Taxes sur la valeur ajoutée;6.8976047
FRA;France;5111;5111 Taxes sur la valeur ajoutée;6.7119863
FRA;France;5111;5111 Taxes sur la valeur ajoutée;6.7782103
FRA;France;5111;5111 Taxes sur la valeur ajoutée;6.8095032
FRA;France;5111;5111 Taxes sur la valeur ajoutée;6.8039472
FRA;France;5111;5111 Taxes sur la valeur ajoutée;6.8103811
FRA;France;5111;5111 Taxes sur la valeur ajoutée;6.8925887
FRA;France;5111;5111 Taxes sur la valeur ajoutée;6.8850343
FRA;France;5111;5111 Taxes sur la valeur ajoutée;6.9039493
FRA;France;5111;5111 Taxes sur la valeur ajoutée;7.0342068
FRA;France;5111;5111 Taxes sur la valeur ajoutée;7.0854156
FRA;France;5111;5111 Taxes sur la valeur ajoutée;7.1499589
FRA;France;5111;5111 Taxes sur la valeur ajoutée;6.9857368
PDEV;NA;5111;5111 Taxes sur la valeur ajoutée;2.0526065804766076
PDEV;NA;5111;5111 Taxes sur la valeur ajoutée;2.456861331635584
PDEV;NA;5111;5111 Taxes sur la valeur ajoutée;2.5093700864258195
PDEV;NA;5111;5111 Taxes sur la valeur ajoutée;2.630037888438138
PDEV;NA;5111;5111 Taxes sur la valeur ajoutée;2.7905999355392046
PDEV;NA;5111;5111 Taxes sur la valeur ajoutée;2.800318841478506
PDEV;NA;5111;5111 Taxes sur la valeur ajoutée;2.8357152742258127
PDEV;NA;5111;5111 Taxes sur la valeur ajoutée;2.930594349976576
PDEV;NA;5111;5111 Taxes sur la valeur ajoutée;3.003823294361899
PDEV;NA;5111;5111 Taxes sur la valeur ajoutée;3.11958379793573
PDEV;NA;5111;5111 Taxes sur la valeur ajoutée;3.1278524131969503
PDEV;NA;5111;5111 Taxes sur la valeur ajoutée;3.084639910120607
PDEV;NA;5111;5111 Taxes sur la valeur ajoutée;3.106043212989875
PDEV;NA;5111;5111 Taxes sur la valeur ajoutée;3.1043269534310074
PDEV;NA;5111;5111 Taxes sur la valeur ajoutée;3.1173999146808344
PDEV;NA;5111;5111 Taxes sur la valeur ajoutée;3.1535083650591056
PDEV;NA;5111;5111 Taxes sur la valeur ajoutée;3.1678569668870558
PDEV;NA;5111;5111 Taxes sur la valeur ajoutée;3.195990201912904
PDEV;NA;5111;5111 Taxes sur la valeur ajoutée;3.1631976866790437
PDEV;NA;5111;5111 Taxes sur la valeur ajoutée;3.0781606696007167
PDEV;NA;5111;5111 Taxes sur la valeur ajoutée;3.2424324778465445
PDEV;NA;5111;5111 Taxes sur la valeur ajoutée;3.296795340369839
PDEV;NA;5111;5111 Taxes sur la valeur ajoutée;3.3060327009044137
PDEV;NA;5111;5111 Taxes sur la valeur ajoutée;3.3114275481884303
PDEV;NA;5111;5111 Taxes sur la valeur ajoutée;3.45173730864107
PDEV;NA;5111;5111 Taxes sur la valeur ajoutée;3.505474150393948
PDEV;NA;5111;5111 Taxes sur la valeur ajoutée;3.527592072464203
PDEV;NA;5111;5111 Taxes sur la valeur ajoutée;3.557429531931363
PDEV;NA;5111;5111 Taxes sur la valeur ajoutée;3.5872618535232617
PDEV;NA;5111;5111 Taxes sur la valeur ajoutée;3.610115932815974
PDEV;NA;5111;5111 Taxes sur la valeur ajoutée;3.4164729830612406
EU;NA;5111;5111 Taxes sur la valeur ajoutée;6.0373316336525535
EU;NA;5111;5111 Taxes sur la valeur ajoutée;5.407949540646607
EU;NA;5111;5111 Taxes sur la valeur ajoutée;5.471309435213401
EU;NA;5111;5111 Taxes sur la valeur ajoutée;5.78714547490333
EU;NA;5111;5111 Taxes sur la valeur ajoutée;6.357199651063797
EU;NA;5111;5111 Taxes sur la valeur ajoutée;6.176164554934858
EU;NA;5111;5111 Taxes sur la valeur ajoutée;6.25104302582511
EU;NA;5111;5111 Taxes sur la valeur ajoutée;6.333927650557108
EU;NA;5111;5111 Taxes sur la valeur ajoutée;6.451896583876051
EU;NA;5111;5111 Taxes sur la valeur ajoutée;6.668150499731252
EU;NA;5111;5111 Taxes sur la valeur ajoutée;6.757958795061559
EU;NA;5111;5111 Taxes sur la valeur ajoutée;6.594581126005381
EU;NA;5111;5111 Taxes sur la valeur ajoutée;6.566186258891733
EU;NA;5111;5111 Taxes sur la valeur ajoutée;6.544402486880835
EU;NA;5111;5111 Taxes sur la valeur ajoutée;6.587012450838874
EU;NA;5111;5111 Taxes sur la valeur ajoutée;6.727428776595908
EU;NA;5111;5111 Taxes sur la valeur ajoutée;6.801613107644944
EU;NA;5111;5111 Taxes sur la valeur ajoutée;6.943319930592043
EU;NA;5111;5111 Taxes sur la valeur ajoutée;6.761942308019113
EU;NA;5111;5111 Taxes sur la valeur ajoutée;6.5469533280361265
EU;NA;5111;5111 Taxes sur la valeur ajoutée;6.852174890876876
EU;NA;5111;5111 Taxes sur la valeur ajoutée;6.858728199820643
EU;NA;5111;5111 Taxes sur la valeur ajoutée;6.857216501834039
EU;NA;5111;5111 Taxes sur la valeur ajoutée;6.89220618124844
EU;NA;5111;5111 Taxes sur la valeur ajoutée;6.953401163293063
EU;NA;5111;5111 Taxes sur la valeur ajoutée;6.961322678827416
EU;NA;5111;5111 Taxes sur la valeur ajoutée;7.020975742563401
EU;NA;5111;5111 Taxes sur la valeur ajoutée;7.1007383713567
EU;NA;5111;5111 Taxes sur la valeur ajoutée;7.170064436335208
EU;NA;5111;5111 Taxes sur la valeur ajoutée;7.178569392323123
EU;NA;5111;5111 Taxes sur la valeur ajoutée;6.9477386910835675
FRA;France;6000;6000 Impôts autres que les rubriques 1000, 2000, 3000, 4000 et 5000;1.3345327
FRA;France;6000;6000 Impôts autres que les rubriques 1000, 2000, 3000, 4000 et 5000;1.6171643
FRA;France;6000;6000 Impôts autres que les rubriques 1000, 2000, 3000, 4000 et 5000;1.5633454
FRA;France;6000;6000 Impôts autres que les rubriques 1000, 2000, 3000, 4000 et 5000;1.6195773
FRA;France;6000;6000 Impôts autres que les rubriques 1000, 2000, 3000, 4000 et 5000;1.6130038
FRA;France;6000;6000 Impôts autres que les rubriques 1000, 2000, 3000, 4000 et 5000;1.6327157
FRA;France;6000;6000 Impôts autres que les rubriques 1000, 2000, 3000, 4000 et 5000;1.7100308
FRA;France;6000;6000 Impôts autres que les rubriques 1000, 2000, 3000, 4000 et 5000;1.7153687
FRA;France;6000;6000 Impôts autres que les rubriques 1000, 2000, 3000, 4000 et 5000;1.751624
FRA;France;6000;6000 Impôts autres que les rubriques 1000, 2000, 3000, 4000 et 5000;1.6941506
FRA;France;6000;6000 Impôts autres que les rubriques 1000, 2000, 3000, 4000 et 5000;1.6279076
FRA;France;6000;6000 Impôts autres que les rubriques 1000, 2000, 3000, 4000 et 5000;1.5645106
FRA;France;6000;6000 Impôts autres que les rubriques 1000, 2000, 3000, 4000 et 5000;1.4892377
FRA;France;6000;6000 Impôts autres que les rubriques 1000, 2000, 3000, 4000 et 5000;1.4728367
FRA;France;6000;6000 Impôts autres que les rubriques 1000, 2000, 3000, 4000 et 5000;1.5081793
FRA;France;6000;6000 Impôts autres que les rubriques 1000, 2000, 3000, 4000 et 5000;1.4632685
FRA;France;6000;6000 Impôts autres que les rubriques 1000, 2000, 3000, 4000 et 5000;1.3971042
FRA;France;6000;6000 Impôts autres que les rubriques 1000, 2000, 3000, 4000 et 5000;1.4011883
FRA;France;6000;6000 Impôts autres que les rubriques 1000, 2000, 3000, 4000 et 5000;1.3397504
FRA;France;6000;6000 Impôts autres que les rubriques 1000, 2000, 3000, 4000 et 5000;1.4139531
FRA;France;6000;6000 Impôts autres que les rubriques 1000, 2000, 3000, 4000 et 5000;0.4606877
FRA;France;6000;6000 Impôts autres que les rubriques 1000, 2000, 3000, 4000 et 5000;0.5930721
FRA;France;6000;6000 Impôts autres que les rubriques 1000, 2000, 3000, 4000 et 5000;0.4905247
FRA;France;6000;6000 Impôts autres que les rubriques 1000, 2000, 3000, 4000 et 5000;0.5022477
FRA;France;6000;6000 Impôts autres que les rubriques 1000, 2000, 3000, 4000 et 5000;0.497404
FRA;France;6000;6000 Impôts autres que les rubriques 1000, 2000, 3000, 4000 et 5000;0.5164387
FRA;France;6000;6000 Impôts autres que les rubriques 1000, 2000, 3000, 4000 et 5000;0.4742179
FRA;France;6000;6000 Impôts autres que les rubriques 1000, 2000, 3000, 4000 et 5000;0.4830785
FRA;France;6000;6000 Impôts autres que les rubriques 1000, 2000, 3000, 4000 et 5000;0.4975278
FRA;France;6000;6000 Impôts autres que les rubriques 1000, 2000, 3000, 4000 et 5000;0.5022521
FRA;France;6000;6000 Impôts autres que les rubriques 1000, 2000, 3000, 4000 et 5000;0.5425382
PDEV;NA;6000;6000 Impôts autres que les rubriques 1000, 2000, 3000, 4000 et 5000;0.15116906017304363
PDEV;NA;6000;6000 Impôts autres que les rubriques 1000, 2000, 3000, 4000 et 5000;0.1656905315855083
PDEV;NA;6000;6000 Impôts autres que les rubriques 1000, 2000, 3000, 4000 et 5000;0.14458486903345094
PDEV;NA;6000;6000 Impôts autres que les rubriques 1000, 2000, 3000, 4000 et 5000;0.08237639903130002
PDEV;NA;6000;6000 Impôts autres que les rubriques 1000, 2000, 3000, 4000 et 5000;0.06490376851476906
PDEV;NA;6000;6000 Impôts autres que les rubriques 1000, 2000, 3000, 4000 et 5000;0.061497751564546836
PDEV;NA;6000;6000 Impôts autres que les rubriques 1000, 2000, 3000, 4000 et 5000;0.06429169425891489
PDEV;NA;6000;6000 Impôts autres que les rubriques 1000, 2000, 3000, 4000 et 5000;0.06868726449141976
PDEV;NA;6000;6000 Impôts autres que les rubriques 1000, 2000, 3000, 4000 et 5000;0.16336494206051524
PDEV;NA;6000;6000 Impôts autres que les rubriques 1000, 2000, 3000, 4000 et 5000;0.16216025830493452
PDEV;NA;6000;6000 Impôts autres que les rubriques 1000, 2000, 3000, 4000 et 5000;0.16720865665289733
PDEV;NA;6000;6000 Impôts autres que les rubriques 1000, 2000, 3000, 4000 et 5000;0.17915666619059492
PDEV;NA;6000;6000 Impôts autres que les rubriques 1000, 2000, 3000, 4000 et 5000;0.17777430551795187
PDEV;NA;6000;6000 Impôts autres que les rubriques 1000, 2000, 3000, 4000 et 5000;0.1685341678022316
PDEV;NA;6000;6000 Impôts autres que les rubriques 1000, 2000, 3000, 4000 et 5000;0.16177602156982093
PDEV;NA;6000;6000 Impôts autres que les rubriques 1000, 2000, 3000, 4000 et 5000;0.16702817456371413
PDEV;NA;6000;6000 Impôts autres que les rubriques 1000, 2000, 3000, 4000 et 5000;0.17188091025790667
PDEV;NA;6000;6000 Impôts autres que les rubriques 1000, 2000, 3000, 4000 et 5000;0.17243259672068478
PDEV;NA;6000;6000 Impôts autres que les rubriques 1000, 2000, 3000, 4000 et 5000;0.16566700369057294
PDEV;NA;6000;6000 Impôts autres que les rubriques 1000, 2000, 3000, 4000 et 5000;0.1659151459525783
PDEV;NA;6000;6000 Impôts autres que les rubriques 1000, 2000, 3000, 4000 et 5000;0.15215104599778287
PDEV;NA;6000;6000 Impôts autres que les rubriques 1000, 2000, 3000, 4000 et 5000;0.15043362055370202
PDEV;NA;6000;6000 Impôts autres que les rubriques 1000, 2000, 3000, 4000 et 5000;0.15586294166717982
PDEV;NA;6000;6000 Impôts autres que les rubriques 1000, 2000, 3000, 4000 et 5000;0.15082279274247412
PDEV;NA;6000;6000 Impôts autres que les rubriques 1000, 2000, 3000, 4000 et 5000;0.14319433711052515
PDEV;NA;6000;6000 Impôts autres que les rubriques 1000, 2000, 3000, 4000 et 5000;0.128970743689203
PDEV;NA;6000;6000 Impôts autres que les rubriques 1000, 2000, 3000, 4000 et 5000;0.10905423872463775
PDEV;NA;6000;6000 Impôts autres que les rubriques 1000, 2000, 3000, 4000 et 5000;0.11201102876540873
PDEV;NA;6000;6000 Impôts autres que les rubriques 1000, 2000, 3000, 4000 et 5000;0.1146966250622549
PDEV;NA;6000;6000 Impôts autres que les rubriques 1000, 2000, 3000, 4000 et 5000;0.118159060444342
PDEV;NA;6000;6000 Impôts autres que les rubriques 1000, 2000, 3000, 4000 et 5000;0.14021521126462622
EU;NA;6000;6000 Impôts autres que les rubriques 1000, 2000, 3000, 4000 et 5000;0.05348063307854178
EU;NA;6000;6000 Impôts autres que les rubriques 1000, 2000, 3000, 4000 et 5000;0.053497554200349316
EU;NA;6000;6000 Impôts autres que les rubriques 1000, 2000, 3000, 4000 et 5000;0.05670768323696897
EU;NA;6000;6000 Impôts autres que les rubriques 1000, 2000, 3000, 4000 et 5000;0.05327536611820078
EU;NA;6000;6000 Impôts autres que les rubriques 1000, 2000, 3000, 4000 et 5000;0.058468550946696785
EU;NA;6000;6000 Impôts autres que les rubriques 1000, 2000, 3000, 4000 et 5000;0.046796685868772336
EU;NA;6000;6000 Impôts autres que les rubriques 1000, 2000, 3000, 4000 et 5000;0.04468540364157727
EU;NA;6000;6000 Impôts autres que les rubriques 1000, 2000, 3000, 4000 et 5000;0.04340059672380473
EU;NA;6000;6000 Impôts autres que les rubriques 1000, 2000, 3000, 4000 et 5000;0.3720541597987275
EU;NA;6000;6000 Impôts autres que les rubriques 1000, 2000, 3000, 4000 et 5000;0.36565279767599806
EU;NA;6000;6000 Impôts autres que les rubriques 1000, 2000, 3000, 4000 et 5000;0.38320238991730854
EU;NA;6000;6000 Impôts autres que les rubriques 1000, 2000, 3000, 4000 et 5000;0.4085614126738409
EU;NA;6000;6000 Impôts autres que les rubriques 1000, 2000, 3000, 4000 et 5000;0.4095691452102003
EU;NA;6000;6000 Impôts autres que les rubriques 1000, 2000, 3000, 4000 et 5000;0.40034229379996145
EU;NA;6000;6000 Impôts autres que les rubriques 1000, 2000, 3000, 4000 et 5000;0.3780060588081861
EU;NA;6000;6000 Impôts autres que les rubriques 1000, 2000, 3000, 4000 et 5000;0.40178023600439605
EU;NA;6000;6000 Impôts autres que les rubriques 1000, 2000, 3000, 4000 et 5000;0.417249374852204
EU;NA;6000;6000 Impôts autres que les rubriques 1000, 2000, 3000, 4000 et 5000;0.4199902110026235
EU;NA;6000;6000 Impôts autres que les rubriques 1000, 2000, 3000, 4000 et 5000;0.3861829453564772
EU;NA;6000;6000 Impôts autres que les rubriques 1000, 2000, 3000, 4000 et 5000;0.35282101658195236
EU;NA;6000;6000 Impôts autres que les rubriques 1000, 2000, 3000, 4000 et 5000;0.3469043077416179
EU;NA;6000;6000 Impôts autres que les rubriques 1000, 2000, 3000, 4000 et 5000;0.3475216312785586
EU;NA;6000;6000 Impôts autres que les rubriques 1000, 2000, 3000, 4000 et 5000;0.35135524011690383
EU;NA;6000;6000 Impôts autres que les rubriques 1000, 2000, 3000, 4000 et 5000;0.35132788800357373
EU;NA;6000;6000 Impôts autres que les rubriques 1000, 2000, 3000, 4000 et 5000;0.33269018938328837
EU;NA;6000;6000 Impôts autres que les rubriques 1000, 2000, 3000, 4000 et 5000;0.29560017689360213
EU;NA;6000;6000 Impôts autres que les rubriques 1000, 2000, 3000, 4000 et 5000;0.22133244829461907
EU;NA;6000;6000 Impôts autres que les rubriques 1000, 2000, 3000, 4000 et 5000;0.23319647980337885
EU;NA;6000;6000 Impôts autres que les rubriques 1000, 2000, 3000, 4000 et 5000;0.24346482186202617
EU;NA;6000;6000 Impôts autres que les rubriques 1000, 2000, 3000, 4000 et 5000;0.24195382501968507
EU;NA;6000;6000 Impôts autres que les rubriques 1000, 2000, 3000, 4000 et 5000;0.30502107075508417
